correction_id,sample_id,entity,field,old_value,new_value,applies_to,evidence,date,decided_by
C0001,PN17_SID1574,PV23-2382,pedigree,Zx.0390_P1_P2_P2.2.1.1,Zx.0350_P1_P2_P2.2.1.1,resolved,"seed packet PV23-2382 comes from mother plant CLY22B6-D-1055 (RR-23-Fields Sheet12 row 1800, https://docs.google.com/spreadsheets/d/19X4UUBr-swPn2hswK7kcVAj2m-cZWlBWORRMg_FB1Kk), the same plant as PV23-2371 (Sheet12 row 1735) = Zx.0350_P1_P2_P2.2.1.1, sown on PV23-8737 = PN17_SID1566; the prep sheet names the well Mesa-JSG-RMM-LCL-536_P1_P2_P2.2.1.1-blk (= Zx.0350; https://drive.google.com/file/d/1Y9DKwS0gPgEbcYTr2qaBx5eQ-cUP_VE5 Sheet1 row 1575); Nomenclature Conversions maps PV23-2382 to JSG-RMM-LCL-536_P1_P2_P2.2.1.1 (https://docs.google.com/spreadsheets/d/1CczHQfVZTVM-O3UujqoYAl_qbGN_Y417o16ByAhYJnE tab bzea rows 200, 2588, 3880); only the J2Teo name string is wrong. agent/20260928_145808_id_source_catalog.md headline 4",2026-09-28,user 2026-09-28 (instruction to record the catalog verdicts)
C0002,PN13_SID1225,PV23-8397,field_plot,PV23-8397,PV23-8396,flag,"PN13_SID1225 is the Purple Check; the prep sheet (https://drive.google.com/file/d/1Y9DKwS0gPgEbcYTr2qaBx5eQ-cUP_VE5 Sheet1 row 1226) also gives it tissue plot PV23-8397 / packet PV23-1871, which belong to the neighbouring well PN13_SID1226 (Zd.0020_P3_P1_P2.5.1.1); prep-sheet error. The DNA plating sheet BZea-Sample-List.xlsx (https://drive.google.com/file/d/1gQ2g7wc_bEueTd75cs7_sbzu-pH806vA, row Seq_Full_ID PN13_SID1225) gives Sample_Origin PV23-8396. agent/20260928_145808_id_source_catalog.md headline 5",2026-09-28,user 2026-09-28 (instruction to record the catalog verdicts)
C0003,PN13_SID1225,PV23-1871,seed_packet,PV23-1871,,flag,as C0002,2026-09-28,user 2026-09-28 (instruction to record the catalog verdicts)
C0004,PN13_SID1226,PV23-8397,j2teo_finalized.sequencing_id,PN13_SID1225,PN13_SID1226,drive_owner,J2Teo Finalized row 1003 (https://docs.google.com/spreadsheets/d/1OV5MXxZaiS3ND-KoFraJh0ujAd48WvzFGPbU-Aqc0Rw) gives PV23-8397 sequencing_id PN13_SID1225; the prep sheet puts PN13_SID1226 (Zdip-JSG-RMM-LCL-551_P3_P1_P2.5.1.1-blk) on tissue plot PV23-8397. Not read by build_samples.py (joins by plot). agent/20260928_145808_id_source_catalog.md G6,2026-09-28,user 2026-09-28 (instruction to record the catalog verdicts)
C0005,PN17_SID1574,PV23-8745,j2teo_finalized.line_id,Zx.0390_P1_P2_P2.2.1.1.B,Zx.0350_P1_P2_P2.2.1.1.B,drive_owner,"J2Teo Finalized row 1348 (https://docs.google.com/spreadsheets/d/1OV5MXxZaiS3ND-KoFraJh0ujAd48WvzFGPbU-Aqc0Rw); see C0001. Propagated to the BzeaSeq master, samplesheet_3way and the Sample List New_line_id. agent/20260928_145808_id_source_catalog.md G6",2026-09-28,user 2026-09-28 (instruction to record the catalog verdicts)
C0006,PN17_SID1574,PV23-8745,j2teo_all.duplicate_row,rows 12421;12974 (Zx.0350 and Zx.0390),"one row, Zx.0350_P1_P2_P2.2.1.1.B",drive_owner,"J2Teo All (https://docs.google.com/spreadsheets/d/1OV5MXxZaiS3ND-KoFraJh0ujAd48WvzFGPbU-Aqc0Rw) holds seed_origin PV23-8745 twice; the Zx.0390 row is the wrong one (C0001). agent/20260928_145808_id_source_catalog.md headline 4, G6",2026-09-28,user 2026-09-28 (instruction to record the catalog verdicts)
C0007,PN17_SID1574,PV23-2382,j2teo_all.line_id,Zx.0390_P1_P2_P2.2.1.1,Zx.0350_P1_P2_P2.2.1.1,drive_owner,J2Teo All row 12973 (https://docs.google.com/spreadsheets/d/1OV5MXxZaiS3ND-KoFraJh0ujAd48WvzFGPbU-Aqc0Rw); see C0001,2026-09-28,user 2026-09-28 (instruction to record the catalog verdicts)
C0008,,Zd.0020,accession.longitude,104.27805555555555,-104.27805555555555,resolved,"J2Teo metadata row 3 (https://docs.google.com/spreadsheets/d/1OV5MXxZaiS3ND-KoFraJh0ujAd48WvzFGPbU-Aqc0Rw) longitude is positive (east); the accession is in Mexico/Central America (west); the local copy Bzea_metadata.csv (zealhmm data/zeal/, = hazel brbseq/metadata/, sha a9f51fa7) has -104.278 (sign fixed, rounded, unlogged). agent/20260928_145808_id_source_catalog.md headline 6",2026-09-28,user 2026-09-28 (instruction to record the catalog verdicts)
C0009,,Zd.0040,accession.longitude,105.10499999999999,-105.10499999999999,resolved,"J2Teo metadata row 5 (https://docs.google.com/spreadsheets/d/1OV5MXxZaiS3ND-KoFraJh0ujAd48WvzFGPbU-Aqc0Rw) longitude is positive (east); the accession is in Mexico/Central America (west); the local copy Bzea_metadata.csv (zealhmm data/zeal/, = hazel brbseq/metadata/, sha a9f51fa7) has -105.105 (sign fixed, rounded, unlogged). agent/20260928_145808_id_source_catalog.md headline 6",2026-09-28,user 2026-09-28 (instruction to record the catalog verdicts)
C0010,,Zh.0010,accession.longitude,91.75,-91.75,resolved,"J2Teo metadata row 6 (https://docs.google.com/spreadsheets/d/1OV5MXxZaiS3ND-KoFraJh0ujAd48WvzFGPbU-Aqc0Rw) longitude is positive (east); the accession is in Mexico/Central America (west); the local copy Bzea_metadata.csv (zealhmm data/zeal/, = hazel brbseq/metadata/, sha a9f51fa7) has -91.750 (sign fixed, rounded, unlogged). agent/20260928_145808_id_source_catalog.md headline 6",2026-09-28,user 2026-09-28 (instruction to record the catalog verdicts)
C0011,,Zh.0020,accession.longitude,91.79194444444444,-91.79194444444444,resolved,"J2Teo metadata row 7 (https://docs.google.com/spreadsheets/d/1OV5MXxZaiS3ND-KoFraJh0ujAd48WvzFGPbU-Aqc0Rw) longitude is positive (east); the accession is in Mexico/Central America (west); the local copy Bzea_metadata.csv (zealhmm data/zeal/, = hazel brbseq/metadata/, sha a9f51fa7) has -91.792 (sign fixed, rounded, unlogged). agent/20260928_145808_id_source_catalog.md headline 6",2026-09-28,user 2026-09-28 (instruction to record the catalog verdicts)
C0012,,Zh.0030,accession.longitude,91.81805555555555,-91.81805555555555,resolved,"J2Teo metadata row 8 (https://docs.google.com/spreadsheets/d/1OV5MXxZaiS3ND-KoFraJh0ujAd48WvzFGPbU-Aqc0Rw) longitude is positive (east); the accession is in Mexico/Central America (west); the local copy Bzea_metadata.csv (zealhmm data/zeal/, = hazel brbseq/metadata/, sha a9f51fa7) has -91.818 (sign fixed, rounded, unlogged). agent/20260928_145808_id_source_catalog.md headline 6",2026-09-28,user 2026-09-28 (instruction to record the catalog verdicts)
C0013,,Zl.0010,accession.longitude,89.875,-89.875,resolved,"J2Teo metadata row 9 (https://docs.google.com/spreadsheets/d/1OV5MXxZaiS3ND-KoFraJh0ujAd48WvzFGPbU-Aqc0Rw) longitude is positive (east); the accession is in Mexico/Central America (west); the local copy Bzea_metadata.csv (zealhmm data/zeal/, = hazel brbseq/metadata/, sha a9f51fa7) has -89.875 (sign fixed, rounded, unlogged). agent/20260928_145808_id_source_catalog.md headline 6",2026-09-28,user 2026-09-28 (instruction to record the catalog verdicts)
C0014,,Zl.0020,accession.longitude,89.66194444444444,-89.66194444444444,resolved,"J2Teo metadata row 10 (https://docs.google.com/spreadsheets/d/1OV5MXxZaiS3ND-KoFraJh0ujAd48WvzFGPbU-Aqc0Rw) longitude is positive (east); the accession is in Mexico/Central America (west); the local copy Bzea_metadata.csv (zealhmm data/zeal/, = hazel brbseq/metadata/, sha a9f51fa7) has -89.662 (sign fixed, rounded, unlogged). agent/20260928_145808_id_source_catalog.md headline 6",2026-09-28,user 2026-09-28 (instruction to record the catalog verdicts)
C0015,,Zl.0030,accession.longitude,89.825,-89.825,resolved,"J2Teo metadata row 11 (https://docs.google.com/spreadsheets/d/1OV5MXxZaiS3ND-KoFraJh0ujAd48WvzFGPbU-Aqc0Rw) longitude is positive (east); the accession is in Mexico/Central America (west); the local copy Bzea_metadata.csv (zealhmm data/zeal/, = hazel brbseq/metadata/, sha a9f51fa7) has -89.825 (sign fixed, rounded, unlogged). agent/20260928_145808_id_source_catalog.md headline 6",2026-09-28,user 2026-09-28 (instruction to record the catalog verdicts)
C0016,,Zl.0040,accession.longitude,89.89,-89.89,resolved,"J2Teo metadata row 12 (https://docs.google.com/spreadsheets/d/1OV5MXxZaiS3ND-KoFraJh0ujAd48WvzFGPbU-Aqc0Rw) longitude is positive (east); the accession is in Mexico/Central America (west); the local copy Bzea_metadata.csv (zealhmm data/zeal/, = hazel brbseq/metadata/, sha a9f51fa7) has -89.890 (sign fixed, rounded, unlogged). agent/20260928_145808_id_source_catalog.md headline 6",2026-09-28,user 2026-09-28 (instruction to record the catalog verdicts)
C0017,,Zv.0010,accession.longitude,97.03305555555555,-97.03305555555555,resolved,"J2Teo metadata row 115 (https://docs.google.com/spreadsheets/d/1OV5MXxZaiS3ND-KoFraJh0ujAd48WvzFGPbU-Aqc0Rw) longitude is positive (east); the accession is in Mexico/Central America (west); the local copy Bzea_metadata.csv (zealhmm data/zeal/, = hazel brbseq/metadata/, sha a9f51fa7) has -97.033 (sign fixed, rounded, unlogged). agent/20260928_145808_id_source_catalog.md headline 6",2026-09-28,user 2026-09-28 (instruction to record the catalog verdicts)
C0018,,Zv.0030,accession.longitude,99.28305555555555,-99.28305555555555,resolved,"J2Teo metadata row 117 (https://docs.google.com/spreadsheets/d/1OV5MXxZaiS3ND-KoFraJh0ujAd48WvzFGPbU-Aqc0Rw) longitude is positive (east); the accession is in Mexico/Central America (west); the local copy Bzea_metadata.csv (zealhmm data/zeal/, = hazel brbseq/metadata/, sha a9f51fa7) has -99.283 (sign fixed, rounded, unlogged). agent/20260928_145808_id_source_catalog.md headline 6",2026-09-28,user 2026-09-28 (instruction to record the catalog verdicts)
C0019,,Zv.0050,accession.longitude,99.48305555555555,-99.48305555555555,resolved,"J2Teo metadata row 119 (https://docs.google.com/spreadsheets/d/1OV5MXxZaiS3ND-KoFraJh0ujAd48WvzFGPbU-Aqc0Rw) longitude is positive (east); the accession is in Mexico/Central America (west); the local copy Bzea_metadata.csv (zealhmm data/zeal/, = hazel brbseq/metadata/, sha a9f51fa7) has -99.483 (sign fixed, rounded, unlogged). agent/20260928_145808_id_source_catalog.md headline 6",2026-09-28,user 2026-09-28 (instruction to record the catalog verdicts)
C0020,,Zv.0060,accession.longitude,99.43694444444445,-99.43694444444445,resolved,"J2Teo metadata row 120 (https://docs.google.com/spreadsheets/d/1OV5MXxZaiS3ND-KoFraJh0ujAd48WvzFGPbU-Aqc0Rw) longitude is positive (east); the accession is in Mexico/Central America (west); the local copy Bzea_metadata.csv (zealhmm data/zeal/, = hazel brbseq/metadata/, sha a9f51fa7) has -99.437 (sign fixed, rounded, unlogged). agent/20260928_145808_id_source_catalog.md headline 6",2026-09-28,user 2026-09-28 (instruction to record the catalog verdicts)
C0021,,Zv.0070,accession.longitude,99.21000000000001,-99.21000000000001,resolved,"J2Teo metadata row 121 (https://docs.google.com/spreadsheets/d/1OV5MXxZaiS3ND-KoFraJh0ujAd48WvzFGPbU-Aqc0Rw) longitude is positive (east); the accession is in Mexico/Central America (west); the local copy Bzea_metadata.csv (zealhmm data/zeal/, = hazel brbseq/metadata/, sha a9f51fa7) has -99.210 (sign fixed, rounded, unlogged). agent/20260928_145808_id_source_catalog.md headline 6",2026-09-28,user 2026-09-28 (instruction to record the catalog verdicts)
C0022,,Zv.0080,accession.longitude,98.77388888888889,-98.77388888888889,resolved,"J2Teo metadata row 122 (https://docs.google.com/spreadsheets/d/1OV5MXxZaiS3ND-KoFraJh0ujAd48WvzFGPbU-Aqc0Rw) longitude is positive (east); the accession is in Mexico/Central America (west); the local copy Bzea_metadata.csv (zealhmm data/zeal/, = hazel brbseq/metadata/, sha a9f51fa7) has -98.774 (sign fixed, rounded, unlogged). agent/20260928_145808_id_source_catalog.md headline 6",2026-09-28,user 2026-09-28 (instruction to record the catalog verdicts)
C0023,,Zv.0100,accession.longitude,99.23388888888888,-99.23388888888888,resolved,"J2Teo metadata row 124 (https://docs.google.com/spreadsheets/d/1OV5MXxZaiS3ND-KoFraJh0ujAd48WvzFGPbU-Aqc0Rw) longitude is positive (east); the accession is in Mexico/Central America (west); the local copy Bzea_metadata.csv (zealhmm data/zeal/, = hazel brbseq/metadata/, sha a9f51fa7) has -99.234 (sign fixed, rounded, unlogged). agent/20260928_145808_id_source_catalog.md headline 6",2026-09-28,user 2026-09-28 (instruction to record the catalog verdicts)
C0024,,Zv.0110,accession.longitude,100.12805555555555,-100.12805555555555,resolved,"J2Teo metadata row 125 (https://docs.google.com/spreadsheets/d/1OV5MXxZaiS3ND-KoFraJh0ujAd48WvzFGPbU-Aqc0Rw) longitude is positive (east); the accession is in Mexico/Central America (west); the local copy Bzea_metadata.csv (zealhmm data/zeal/, = hazel brbseq/metadata/, sha a9f51fa7) has -100.128 (sign fixed, rounded, unlogged). agent/20260928_145808_id_source_catalog.md headline 6",2026-09-28,user 2026-09-28 (instruction to record the catalog verdicts)
C0025,,Zv.0120,accession.longitude,99.96805555555555,-99.96805555555555,resolved,"J2Teo metadata row 126 (https://docs.google.com/spreadsheets/d/1OV5MXxZaiS3ND-KoFraJh0ujAd48WvzFGPbU-Aqc0Rw) longitude is positive (east); the accession is in Mexico/Central America (west); the local copy Bzea_metadata.csv (zealhmm data/zeal/, = hazel brbseq/metadata/, sha a9f51fa7) has -99.968 (sign fixed, rounded, unlogged). agent/20260928_145808_id_source_catalog.md headline 6",2026-09-28,user 2026-09-28 (instruction to record the catalog verdicts)
C0026,,Zv.0140,accession.longitude,99.9088888888889,-99.9088888888889,resolved,"J2Teo metadata row 128 (https://docs.google.com/spreadsheets/d/1OV5MXxZaiS3ND-KoFraJh0ujAd48WvzFGPbU-Aqc0Rw) longitude is positive (east); the accession is in Mexico/Central America (west); the local copy Bzea_metadata.csv (zealhmm data/zeal/, = hazel brbseq/metadata/, sha a9f51fa7) has -99.909 (sign fixed, rounded, unlogged). agent/20260928_145808_id_source_catalog.md headline 6",2026-09-28,user 2026-09-28 (instruction to record the catalog verdicts)
C0027,,Zv.0150,accession.longitude,99.78388888888888,-99.78388888888888,resolved,"J2Teo metadata row 129 (https://docs.google.com/spreadsheets/d/1OV5MXxZaiS3ND-KoFraJh0ujAd48WvzFGPbU-Aqc0Rw) longitude is positive (east); the accession is in Mexico/Central America (west); the local copy Bzea_metadata.csv (zealhmm data/zeal/, = hazel brbseq/metadata/, sha a9f51fa7) has -99.784 (sign fixed, rounded, unlogged). agent/20260928_145808_id_source_catalog.md headline 6",2026-09-28,user 2026-09-28 (instruction to record the catalog verdicts)
C0028,,Zv.0160,accession.longitude,100.27194444444444,-100.27194444444444,resolved,"J2Teo metadata row 130 (https://docs.google.com/spreadsheets/d/1OV5MXxZaiS3ND-KoFraJh0ujAd48WvzFGPbU-Aqc0Rw) longitude is positive (east); the accession is in Mexico/Central America (west); the local copy Bzea_metadata.csv (zealhmm data/zeal/, = hazel brbseq/metadata/, sha a9f51fa7) has -100.272 (sign fixed, rounded, unlogged). agent/20260928_145808_id_source_catalog.md headline 6",2026-09-28,user 2026-09-28 (instruction to record the catalog verdicts)
C0029,,Zv.0190,accession.longitude,100.35694444444444,-100.35694444444444,resolved,"J2Teo metadata row 133 (https://docs.google.com/spreadsheets/d/1OV5MXxZaiS3ND-KoFraJh0ujAd48WvzFGPbU-Aqc0Rw) longitude is positive (east); the accession is in Mexico/Central America (west); the local copy Bzea_metadata.csv (zealhmm data/zeal/, = hazel brbseq/metadata/, sha a9f51fa7) has -100.357 (sign fixed, rounded, unlogged). agent/20260928_145808_id_source_catalog.md headline 6",2026-09-28,user 2026-09-28 (instruction to record the catalog verdicts)
C0030,,Zv.0200,accession.longitude,98.83111111111111,-98.83111111111111,resolved,"J2Teo metadata row 134 (https://docs.google.com/spreadsheets/d/1OV5MXxZaiS3ND-KoFraJh0ujAd48WvzFGPbU-Aqc0Rw) longitude is positive (east); the accession is in Mexico/Central America (west); the local copy Bzea_metadata.csv (zealhmm data/zeal/, = hazel brbseq/metadata/, sha a9f51fa7) has -98.831 (sign fixed, rounded, unlogged). agent/20260928_145808_id_source_catalog.md headline 6",2026-09-28,user 2026-09-28 (instruction to record the catalog verdicts)
C0031,,Zv.0220,accession.longitude,100.91611111111112,-100.91611111111112,resolved,"J2Teo metadata row 136 (https://docs.google.com/spreadsheets/d/1OV5MXxZaiS3ND-KoFraJh0ujAd48WvzFGPbU-Aqc0Rw) longitude is positive (east); the accession is in Mexico/Central America (west); the local copy Bzea_metadata.csv (zealhmm data/zeal/, = hazel brbseq/metadata/, sha a9f51fa7) has -100.916 (sign fixed, rounded, unlogged). agent/20260928_145808_id_source_catalog.md headline 6",2026-09-28,user 2026-09-28 (instruction to record the catalog verdicts)
C0032,,Zv.0230,accession.longitude,100.23805555555556,-100.23805555555556,resolved,"J2Teo metadata row 137 (https://docs.google.com/spreadsheets/d/1OV5MXxZaiS3ND-KoFraJh0ujAd48WvzFGPbU-Aqc0Rw) longitude is positive (east); the accession is in Mexico/Central America (west); the local copy Bzea_metadata.csv (zealhmm data/zeal/, = hazel brbseq/metadata/, sha a9f51fa7) has -100.238 (sign fixed, rounded, unlogged). agent/20260928_145808_id_source_catalog.md headline 6",2026-09-28,user 2026-09-28 (instruction to record the catalog verdicts)
C0033,,Zv.0240,accession.longitude,100.18111111111112,-100.18111111111112,resolved,"J2Teo metadata row 138 (https://docs.google.com/spreadsheets/d/1OV5MXxZaiS3ND-KoFraJh0ujAd48WvzFGPbU-Aqc0Rw) longitude is positive (east); the accession is in Mexico/Central America (west); the local copy Bzea_metadata.csv (zealhmm data/zeal/, = hazel brbseq/metadata/, sha a9f51fa7) has -100.181 (sign fixed, rounded, unlogged). agent/20260928_145808_id_source_catalog.md headline 6",2026-09-28,user 2026-09-28 (instruction to record the catalog verdicts)
C0034,,Zv.0250,accession.longitude,99.50305555555556,-99.50305555555556,resolved,"J2Teo metadata row 139 (https://docs.google.com/spreadsheets/d/1OV5MXxZaiS3ND-KoFraJh0ujAd48WvzFGPbU-Aqc0Rw) longitude is positive (east); the accession is in Mexico/Central America (west); the local copy Bzea_metadata.csv (zealhmm data/zeal/, = hazel brbseq/metadata/, sha a9f51fa7) has -99.503 (sign fixed, rounded, unlogged). agent/20260928_145808_id_source_catalog.md headline 6",2026-09-28,user 2026-09-28 (instruction to record the catalog verdicts)
C0035,,Zv.0260,accession.longitude,101.05805555555555,-101.05805555555555,resolved,"J2Teo metadata row 140 (https://docs.google.com/spreadsheets/d/1OV5MXxZaiS3ND-KoFraJh0ujAd48WvzFGPbU-Aqc0Rw) longitude is positive (east); the accession is in Mexico/Central America (west); the local copy Bzea_metadata.csv (zealhmm data/zeal/, = hazel brbseq/metadata/, sha a9f51fa7) has -101.058 (sign fixed, rounded, unlogged). agent/20260928_145808_id_source_catalog.md headline 6",2026-09-28,user 2026-09-28 (instruction to record the catalog verdicts)
C0036,,Zv.0270,accession.longitude,99.03,-99.03,resolved,"J2Teo metadata row 141 (https://docs.google.com/spreadsheets/d/1OV5MXxZaiS3ND-KoFraJh0ujAd48WvzFGPbU-Aqc0Rw) longitude is positive (east); the accession is in Mexico/Central America (west); the local copy Bzea_metadata.csv (zealhmm data/zeal/, = hazel brbseq/metadata/, sha a9f51fa7) has -99.030 (sign fixed, rounded, unlogged). agent/20260928_145808_id_source_catalog.md headline 6",2026-09-28,user 2026-09-28 (instruction to record the catalog verdicts)
C0037,,Zv.0280,accession.longitude,101.28305555555555,-101.28305555555555,resolved,"J2Teo metadata row 142 (https://docs.google.com/spreadsheets/d/1OV5MXxZaiS3ND-KoFraJh0ujAd48WvzFGPbU-Aqc0Rw) longitude is positive (east); the accession is in Mexico/Central America (west); the local copy Bzea_metadata.csv (zealhmm data/zeal/, = hazel brbseq/metadata/, sha a9f51fa7) has -101.283 (sign fixed, rounded, unlogged). agent/20260928_145808_id_source_catalog.md headline 6",2026-09-28,user 2026-09-28 (instruction to record the catalog verdicts)
C0038,,Zv.0290,accession.longitude,101.43,-101.43,resolved,"J2Teo metadata row 143 (https://docs.google.com/spreadsheets/d/1OV5MXxZaiS3ND-KoFraJh0ujAd48WvzFGPbU-Aqc0Rw) longitude is positive (east); the accession is in Mexico/Central America (west); the local copy Bzea_metadata.csv (zealhmm data/zeal/, = hazel brbseq/metadata/, sha a9f51fa7) has -101.430 (sign fixed, rounded, unlogged). agent/20260928_145808_id_source_catalog.md headline 6",2026-09-28,user 2026-09-28 (instruction to record the catalog verdicts)
C0039,,Zv.0300,accession.longitude,100.35499999999999,-100.35499999999999,resolved,"J2Teo metadata row 144 (https://docs.google.com/spreadsheets/d/1OV5MXxZaiS3ND-KoFraJh0ujAd48WvzFGPbU-Aqc0Rw) longitude is positive (east); the accession is in Mexico/Central America (west); the local copy Bzea_metadata.csv (zealhmm data/zeal/, = hazel brbseq/metadata/, sha a9f51fa7) has -100.355 (sign fixed, rounded, unlogged). agent/20260928_145808_id_source_catalog.md headline 6",2026-09-28,user 2026-09-28 (instruction to record the catalog verdicts)
C0040,,Zv.0310,accession.longitude,100.255,-100.255,resolved,"J2Teo metadata row 145 (https://docs.google.com/spreadsheets/d/1OV5MXxZaiS3ND-KoFraJh0ujAd48WvzFGPbU-Aqc0Rw) longitude is positive (east); the accession is in Mexico/Central America (west); the local copy Bzea_metadata.csv (zealhmm data/zeal/, = hazel brbseq/metadata/, sha a9f51fa7) has -100.255 (sign fixed, rounded, unlogged). agent/20260928_145808_id_source_catalog.md headline 6",2026-09-28,user 2026-09-28 (instruction to record the catalog verdicts)
C0041,,Zv.0340,accession.longitude,103.08111111111111,-103.08111111111111,resolved,"J2Teo metadata row 148 (https://docs.google.com/spreadsheets/d/1OV5MXxZaiS3ND-KoFraJh0ujAd48WvzFGPbU-Aqc0Rw) longitude is positive (east); the accession is in Mexico/Central America (west); the local copy Bzea_metadata.csv (zealhmm data/zeal/, = hazel brbseq/metadata/, sha a9f51fa7) has -103.081 (sign fixed, rounded, unlogged). agent/20260928_145808_id_source_catalog.md headline 6",2026-09-28,user 2026-09-28 (instruction to record the catalog verdicts)
C0042,,Zv.0370,accession.longitude,101.94388888888889,-101.94388888888889,resolved,"J2Teo metadata row 151 (https://docs.google.com/spreadsheets/d/1OV5MXxZaiS3ND-KoFraJh0ujAd48WvzFGPbU-Aqc0Rw) longitude is positive (east); the accession is in Mexico/Central America (west); the local copy Bzea_metadata.csv (zealhmm data/zeal/, = hazel brbseq/metadata/, sha a9f51fa7) has -101.944 (sign fixed, rounded, unlogged). agent/20260928_145808_id_source_catalog.md headline 6",2026-09-28,user 2026-09-28 (instruction to record the catalog verdicts)
C0043,,Zv.0390,accession.longitude,100.90194444444445,-100.90194444444445,resolved,"J2Teo metadata row 153 (https://docs.google.com/spreadsheets/d/1OV5MXxZaiS3ND-KoFraJh0ujAd48WvzFGPbU-Aqc0Rw) longitude is positive (east); the accession is in Mexico/Central America (west); the local copy Bzea_metadata.csv (zealhmm data/zeal/, = hazel brbseq/metadata/, sha a9f51fa7) has -100.902 (sign fixed, rounded, unlogged). agent/20260928_145808_id_source_catalog.md headline 6",2026-09-28,user 2026-09-28 (instruction to record the catalog verdicts)
C0044,,Zv.0410,accession.longitude,104.06388888888888,-104.06388888888888,resolved,"J2Teo metadata row 155 (https://docs.google.com/spreadsheets/d/1OV5MXxZaiS3ND-KoFraJh0ujAd48WvzFGPbU-Aqc0Rw) longitude is positive (east); the accession is in Mexico/Central America (west); the local copy Bzea_metadata.csv (zealhmm data/zeal/, = hazel brbseq/metadata/, sha a9f51fa7) has -104.064 (sign fixed, rounded, unlogged). agent/20260928_145808_id_source_catalog.md headline 6",2026-09-28,user 2026-09-28 (instruction to record the catalog verdicts)
C0045,,Zv.0420,accession.longitude,100.91805555555555,-100.91805555555555,resolved,"J2Teo metadata row 156 (https://docs.google.com/spreadsheets/d/1OV5MXxZaiS3ND-KoFraJh0ujAd48WvzFGPbU-Aqc0Rw) longitude is positive (east); the accession is in Mexico/Central America (west); the local copy Bzea_metadata.csv (zealhmm data/zeal/, = hazel brbseq/metadata/, sha a9f51fa7) has -100.918 (sign fixed, rounded, unlogged). agent/20260928_145808_id_source_catalog.md headline 6",2026-09-28,user 2026-09-28 (instruction to record the catalog verdicts)
C0046,,Zv.0470,accession.longitude,104.22611111111111,-104.22611111111111,resolved,"J2Teo metadata row 161 (https://docs.google.com/spreadsheets/d/1OV5MXxZaiS3ND-KoFraJh0ujAd48WvzFGPbU-Aqc0Rw) longitude is positive (east); the accession is in Mexico/Central America (west); the local copy Bzea_metadata.csv (zealhmm data/zeal/, = hazel brbseq/metadata/, sha a9f51fa7) has -104.226 (sign fixed, rounded, unlogged). agent/20260928_145808_id_source_catalog.md headline 6",2026-09-28,user 2026-09-28 (instruction to record the catalog verdicts)
C0047,,Zv.0480,accession.longitude,104.41805555555555,-104.41805555555555,resolved,"J2Teo metadata row 162 (https://docs.google.com/spreadsheets/d/1OV5MXxZaiS3ND-KoFraJh0ujAd48WvzFGPbU-Aqc0Rw) longitude is positive (east); the accession is in Mexico/Central America (west); the local copy Bzea_metadata.csv (zealhmm data/zeal/, = hazel brbseq/metadata/, sha a9f51fa7) has -104.418 (sign fixed, rounded, unlogged). agent/20260928_145808_id_source_catalog.md headline 6",2026-09-28,user 2026-09-28 (instruction to record the catalog verdicts)
C0048,,Zv.0490,accession.longitude,104.54305555555555,-104.54305555555555,resolved,"J2Teo metadata row 163 (https://docs.google.com/spreadsheets/d/1OV5MXxZaiS3ND-KoFraJh0ujAd48WvzFGPbU-Aqc0Rw) longitude is positive (east); the accession is in Mexico/Central America (west); the local copy Bzea_metadata.csv (zealhmm data/zeal/, = hazel brbseq/metadata/, sha a9f51fa7) has -104.543 (sign fixed, rounded, unlogged). agent/20260928_145808_id_source_catalog.md headline 6",2026-09-28,user 2026-09-28 (instruction to record the catalog verdicts)
C0049,,Zx.0010,accession.longitude,97.43111111111112,-97.43111111111112,resolved,"J2Teo metadata row 171 (https://docs.google.com/spreadsheets/d/1OV5MXxZaiS3ND-KoFraJh0ujAd48WvzFGPbU-Aqc0Rw) longitude is positive (east); the accession is in Mexico/Central America (west); the local copy Bzea_metadata.csv (zealhmm data/zeal/, = hazel brbseq/metadata/, sha a9f51fa7) has -97.431 (sign fixed, rounded, unlogged). agent/20260928_145808_id_source_catalog.md headline 6",2026-09-28,user 2026-09-28 (instruction to record the catalog verdicts)
C0050,,Zx.0020,accession.longitude,98.845,-98.845,resolved,"J2Teo metadata row 172 (https://docs.google.com/spreadsheets/d/1OV5MXxZaiS3ND-KoFraJh0ujAd48WvzFGPbU-Aqc0Rw) longitude is positive (east); the accession is in Mexico/Central America (west); the local copy Bzea_metadata.csv (zealhmm data/zeal/, = hazel brbseq/metadata/, sha a9f51fa7) has -98.845 (sign fixed, rounded, unlogged). agent/20260928_145808_id_source_catalog.md headline 6",2026-09-28,user 2026-09-28 (instruction to record the catalog verdicts)
C0051,,Zx.0030,accession.longitude,98.7761111111111,-98.7761111111111,resolved,"J2Teo metadata row 173 (https://docs.google.com/spreadsheets/d/1OV5MXxZaiS3ND-KoFraJh0ujAd48WvzFGPbU-Aqc0Rw) longitude is positive (east); the accession is in Mexico/Central America (west); the local copy Bzea_metadata.csv (zealhmm data/zeal/, = hazel brbseq/metadata/, sha a9f51fa7) has -98.776 (sign fixed, rounded, unlogged). agent/20260928_145808_id_source_catalog.md headline 6",2026-09-28,user 2026-09-28 (instruction to record the catalog verdicts)
C0052,,Zx.0040,accession.longitude,98.4888888888889,-98.4888888888889,resolved,"J2Teo metadata row 174 (https://docs.google.com/spreadsheets/d/1OV5MXxZaiS3ND-KoFraJh0ujAd48WvzFGPbU-Aqc0Rw) longitude is positive (east); the accession is in Mexico/Central America (west); the local copy Bzea_metadata.csv (zealhmm data/zeal/, = hazel brbseq/metadata/, sha a9f51fa7) has -98.489 (sign fixed, rounded, unlogged). agent/20260928_145808_id_source_catalog.md headline 6",2026-09-28,user 2026-09-28 (instruction to record the catalog verdicts)
C0053,,Zx.0080,accession.longitude,98.775,-98.775,resolved,"J2Teo metadata row 178 (https://docs.google.com/spreadsheets/d/1OV5MXxZaiS3ND-KoFraJh0ujAd48WvzFGPbU-Aqc0Rw) longitude is positive (east); the accession is in Mexico/Central America (west); the local copy Bzea_metadata.csv (zealhmm data/zeal/, = hazel brbseq/metadata/, sha a9f51fa7) has -98.775 (sign fixed, rounded, unlogged). agent/20260928_145808_id_source_catalog.md headline 6",2026-09-28,user 2026-09-28 (instruction to record the catalog verdicts)
C0054,,Zx.0090,accession.longitude,98.18611111111112,-98.18611111111112,resolved,"J2Teo metadata row 179 (https://docs.google.com/spreadsheets/d/1OV5MXxZaiS3ND-KoFraJh0ujAd48WvzFGPbU-Aqc0Rw) longitude is positive (east); the accession is in Mexico/Central America (west); the local copy Bzea_metadata.csv (zealhmm data/zeal/, = hazel brbseq/metadata/, sha a9f51fa7) has -98.186 (sign fixed, rounded, unlogged). agent/20260928_145808_id_source_catalog.md headline 6",2026-09-28,user 2026-09-28 (instruction to record the catalog verdicts)
C0055,,Zx.0100,accession.longitude,97.55694444444444,-97.55694444444444,resolved,"J2Teo metadata row 180 (https://docs.google.com/spreadsheets/d/1OV5MXxZaiS3ND-KoFraJh0ujAd48WvzFGPbU-Aqc0Rw) longitude is positive (east); the accession is in Mexico/Central America (west); the local copy Bzea_metadata.csv (zealhmm data/zeal/, = hazel brbseq/metadata/, sha a9f51fa7) has -97.557 (sign fixed, rounded, unlogged). agent/20260928_145808_id_source_catalog.md headline 6",2026-09-28,user 2026-09-28 (instruction to record the catalog verdicts)
C0056,,Zx.0130,accession.longitude,99.46694444444445,-99.46694444444445,resolved,"J2Teo metadata row 183 (https://docs.google.com/spreadsheets/d/1OV5MXxZaiS3ND-KoFraJh0ujAd48WvzFGPbU-Aqc0Rw) longitude is positive (east); the accession is in Mexico/Central America (west); the local copy Bzea_metadata.csv (zealhmm data/zeal/, = hazel brbseq/metadata/, sha a9f51fa7) has -99.467 (sign fixed, rounded, unlogged). agent/20260928_145808_id_source_catalog.md headline 6",2026-09-28,user 2026-09-28 (instruction to record the catalog verdicts)
C0057,,Zx.0140,accession.longitude,99.1,-99.1,resolved,"J2Teo metadata row 184 (https://docs.google.com/spreadsheets/d/1OV5MXxZaiS3ND-KoFraJh0ujAd48WvzFGPbU-Aqc0Rw) longitude is positive (east); the accession is in Mexico/Central America (west); the local copy Bzea_metadata.csv (zealhmm data/zeal/, = hazel brbseq/metadata/, sha a9f51fa7) has -99.100 (sign fixed, rounded, unlogged). agent/20260928_145808_id_source_catalog.md headline 6",2026-09-28,user 2026-09-28 (instruction to record the catalog verdicts)
C0058,,Zx.0150,accession.longitude,98.98,-98.98,resolved,"J2Teo metadata row 185 (https://docs.google.com/spreadsheets/d/1OV5MXxZaiS3ND-KoFraJh0ujAd48WvzFGPbU-Aqc0Rw) longitude is positive (east); the accession is in Mexico/Central America (west); the local copy Bzea_metadata.csv (zealhmm data/zeal/, = hazel brbseq/metadata/, sha a9f51fa7) has -98.980 (sign fixed, rounded, unlogged). agent/20260928_145808_id_source_catalog.md headline 6",2026-09-28,user 2026-09-28 (instruction to record the catalog verdicts)
C0059,,Zx.0160,accession.longitude,101.61,-101.61,resolved,"J2Teo metadata row 186 (https://docs.google.com/spreadsheets/d/1OV5MXxZaiS3ND-KoFraJh0ujAd48WvzFGPbU-Aqc0Rw) longitude is positive (east); the accession is in Mexico/Central America (west); the local copy Bzea_metadata.csv (zealhmm data/zeal/, = hazel brbseq/metadata/, sha a9f51fa7) has -101.610 (sign fixed, rounded, unlogged). agent/20260928_145808_id_source_catalog.md headline 6",2026-09-28,user 2026-09-28 (instruction to record the catalog verdicts)
C0060,,Zx.0220,accession.longitude,98.84305555555555,-98.84305555555555,resolved,"J2Teo metadata row 192 (https://docs.google.com/spreadsheets/d/1OV5MXxZaiS3ND-KoFraJh0ujAd48WvzFGPbU-Aqc0Rw) longitude is positive (east); the accession is in Mexico/Central America (west); the local copy Bzea_metadata.csv (zealhmm data/zeal/, = hazel brbseq/metadata/, sha a9f51fa7) has -98.843 (sign fixed, rounded, unlogged). agent/20260928_145808_id_source_catalog.md headline 6",2026-09-28,user 2026-09-28 (instruction to record the catalog verdicts)
C0061,,Zx.0340,accession.longitude,101.73611111111111,-101.73611111111111,resolved,"J2Teo metadata row 204 (https://docs.google.com/spreadsheets/d/1OV5MXxZaiS3ND-KoFraJh0ujAd48WvzFGPbU-Aqc0Rw) longitude is positive (east); the accession is in Mexico/Central America (west); the local copy Bzea_metadata.csv (zealhmm data/zeal/, = hazel brbseq/metadata/, sha a9f51fa7) has -101.736 (sign fixed, rounded, unlogged). agent/20260928_145808_id_source_catalog.md headline 6",2026-09-28,user 2026-09-28 (instruction to record the catalog verdicts)
C0062,,Zx.0350,accession.longitude,100.63305555555554,-100.63305555555554,resolved,"J2Teo metadata row 205 (https://docs.google.com/spreadsheets/d/1OV5MXxZaiS3ND-KoFraJh0ujAd48WvzFGPbU-Aqc0Rw) longitude is positive (east); the accession is in Mexico/Central America (west); the local copy Bzea_metadata.csv (zealhmm data/zeal/, = hazel brbseq/metadata/, sha a9f51fa7) has -100.633 (sign fixed, rounded, unlogged). agent/20260928_145808_id_source_catalog.md headline 6",2026-09-28,user 2026-09-28 (instruction to record the catalog verdicts)
C0063,,Zx.0360,accession.longitude,101.17888888888889,-101.17888888888889,resolved,"J2Teo metadata row 206 (https://docs.google.com/spreadsheets/d/1OV5MXxZaiS3ND-KoFraJh0ujAd48WvzFGPbU-Aqc0Rw) longitude is positive (east); the accession is in Mexico/Central America (west); the local copy Bzea_metadata.csv (zealhmm data/zeal/, = hazel brbseq/metadata/, sha a9f51fa7) has -101.179 (sign fixed, rounded, unlogged). agent/20260928_145808_id_source_catalog.md headline 6",2026-09-28,user 2026-09-28 (instruction to record the catalog verdicts)
C0064,,Zx.0370,accession.longitude,101.71694444444445,-101.71694444444445,resolved,"J2Teo metadata row 207 (https://docs.google.com/spreadsheets/d/1OV5MXxZaiS3ND-KoFraJh0ujAd48WvzFGPbU-Aqc0Rw) longitude is positive (east); the accession is in Mexico/Central America (west); the local copy Bzea_metadata.csv (zealhmm data/zeal/, = hazel brbseq/metadata/, sha a9f51fa7) has -101.717 (sign fixed, rounded, unlogged). agent/20260928_145808_id_source_catalog.md headline 6",2026-09-28,user 2026-09-28 (instruction to record the catalog verdicts)
C0065,,Zx.0380,accession.longitude,101.31694444444445,-101.31694444444445,resolved,"J2Teo metadata row 208 (https://docs.google.com/spreadsheets/d/1OV5MXxZaiS3ND-KoFraJh0ujAd48WvzFGPbU-Aqc0Rw) longitude is positive (east); the accession is in Mexico/Central America (west); the local copy Bzea_metadata.csv (zealhmm data/zeal/, = hazel brbseq/metadata/, sha a9f51fa7) has -101.317 (sign fixed, rounded, unlogged). agent/20260928_145808_id_source_catalog.md headline 6",2026-09-28,user 2026-09-28 (instruction to record the catalog verdicts)
C0066,,Zx.0390,accession.longitude,101.46888888888888,-101.46888888888888,resolved,"J2Teo metadata row 209 (https://docs.google.com/spreadsheets/d/1OV5MXxZaiS3ND-KoFraJh0ujAd48WvzFGPbU-Aqc0Rw) longitude is positive (east); the accession is in Mexico/Central America (west); the local copy Bzea_metadata.csv (zealhmm data/zeal/, = hazel brbseq/metadata/, sha a9f51fa7) has -101.469 (sign fixed, rounded, unlogged). agent/20260928_145808_id_source_catalog.md headline 6",2026-09-28,user 2026-09-28 (instruction to record the catalog verdicts)
C0067,,Zx.0400,accession.longitude,102.06,-102.06,resolved,"J2Teo metadata row 210 (https://docs.google.com/spreadsheets/d/1OV5MXxZaiS3ND-KoFraJh0ujAd48WvzFGPbU-Aqc0Rw) longitude is positive (east); the accession is in Mexico/Central America (west); the local copy Bzea_metadata.csv (zealhmm data/zeal/, = hazel brbseq/metadata/, sha a9f51fa7) has -102.060 (sign fixed, rounded, unlogged). agent/20260928_145808_id_source_catalog.md headline 6",2026-09-28,user 2026-09-28 (instruction to record the catalog verdicts)
C0068,,Zx.0410,accession.longitude,101.97611111111111,-101.97611111111111,resolved,"J2Teo metadata row 211 (https://docs.google.com/spreadsheets/d/1OV5MXxZaiS3ND-KoFraJh0ujAd48WvzFGPbU-Aqc0Rw) longitude is positive (east); the accession is in Mexico/Central America (west); the local copy Bzea_metadata.csv (zealhmm data/zeal/, = hazel brbseq/metadata/, sha a9f51fa7) has -101.976 (sign fixed, rounded, unlogged). agent/20260928_145808_id_source_catalog.md headline 6",2026-09-28,user 2026-09-28 (instruction to record the catalog verdicts)
C0069,,Zx.0430,accession.longitude,101.94694444444445,-101.94694444444445,resolved,"J2Teo metadata row 213 (https://docs.google.com/spreadsheets/d/1OV5MXxZaiS3ND-KoFraJh0ujAd48WvzFGPbU-Aqc0Rw) longitude is positive (east); the accession is in Mexico/Central America (west); the local copy Bzea_metadata.csv (zealhmm data/zeal/, = hazel brbseq/metadata/, sha a9f51fa7) has -101.947 (sign fixed, rounded, unlogged). agent/20260928_145808_id_source_catalog.md headline 6",2026-09-28,user 2026-09-28 (instruction to record the catalog verdicts)
C0070,,Zx.0440,accession.longitude,102.89611111111111,-102.89611111111111,resolved,"J2Teo metadata row 214 (https://docs.google.com/spreadsheets/d/1OV5MXxZaiS3ND-KoFraJh0ujAd48WvzFGPbU-Aqc0Rw) longitude is positive (east); the accession is in Mexico/Central America (west); the local copy Bzea_metadata.csv (zealhmm data/zeal/, = hazel brbseq/metadata/, sha a9f51fa7) has -102.896 (sign fixed, rounded, unlogged). agent/20260928_145808_id_source_catalog.md headline 6",2026-09-28,user 2026-09-28 (instruction to record the catalog verdicts)
C0071,,Zx.0450,accession.longitude,101.07305555555556,-101.07305555555556,resolved,"J2Teo metadata row 215 (https://docs.google.com/spreadsheets/d/1OV5MXxZaiS3ND-KoFraJh0ujAd48WvzFGPbU-Aqc0Rw) longitude is positive (east); the accession is in Mexico/Central America (west); the local copy Bzea_metadata.csv (zealhmm data/zeal/, = hazel brbseq/metadata/, sha a9f51fa7) has -101.073 (sign fixed, rounded, unlogged). agent/20260928_145808_id_source_catalog.md headline 6",2026-09-28,user 2026-09-28 (instruction to record the catalog verdicts)
C0072,,Zx.0470,accession.longitude,102.36388888888888,-102.36388888888888,resolved,"J2Teo metadata row 217 (https://docs.google.com/spreadsheets/d/1OV5MXxZaiS3ND-KoFraJh0ujAd48WvzFGPbU-Aqc0Rw) longitude is positive (east); the accession is in Mexico/Central America (west); the local copy Bzea_metadata.csv (zealhmm data/zeal/, = hazel brbseq/metadata/, sha a9f51fa7) has -102.364 (sign fixed, rounded, unlogged). agent/20260928_145808_id_source_catalog.md headline 6",2026-09-28,user 2026-09-28 (instruction to record the catalog verdicts)
C0073,,Zx.0480,accession.longitude,102.06,-102.06,resolved,"J2Teo metadata row 218 (https://docs.google.com/spreadsheets/d/1OV5MXxZaiS3ND-KoFraJh0ujAd48WvzFGPbU-Aqc0Rw) longitude is positive (east); the accession is in Mexico/Central America (west); the local copy Bzea_metadata.csv (zealhmm data/zeal/, = hazel brbseq/metadata/, sha a9f51fa7) has -102.060 (sign fixed, rounded, unlogged). agent/20260928_145808_id_source_catalog.md headline 6",2026-09-28,user 2026-09-28 (instruction to record the catalog verdicts)
C0074,,Zx.0490,accession.longitude,101.15611111111112,-101.15611111111112,resolved,"J2Teo metadata row 219 (https://docs.google.com/spreadsheets/d/1OV5MXxZaiS3ND-KoFraJh0ujAd48WvzFGPbU-Aqc0Rw) longitude is positive (east); the accession is in Mexico/Central America (west); the local copy Bzea_metadata.csv (zealhmm data/zeal/, = hazel brbseq/metadata/, sha a9f51fa7) has -101.156 (sign fixed, rounded, unlogged). agent/20260928_145808_id_source_catalog.md headline 6",2026-09-28,user 2026-09-28 (instruction to record the catalog verdicts)
C0075,,Zx.0500,accession.longitude,102.9038888888889,-102.9038888888889,resolved,"J2Teo metadata row 220 (https://docs.google.com/spreadsheets/d/1OV5MXxZaiS3ND-KoFraJh0ujAd48WvzFGPbU-Aqc0Rw) longitude is positive (east); the accession is in Mexico/Central America (west); the local copy Bzea_metadata.csv (zealhmm data/zeal/, = hazel brbseq/metadata/, sha a9f51fa7) has -102.904 (sign fixed, rounded, unlogged). agent/20260928_145808_id_source_catalog.md headline 6",2026-09-28,user 2026-09-28 (instruction to record the catalog verdicts)
C0076,,Zx.0510,accession.longitude,102.34694444444445,-102.34694444444445,resolved,"J2Teo metadata row 221 (https://docs.google.com/spreadsheets/d/1OV5MXxZaiS3ND-KoFraJh0ujAd48WvzFGPbU-Aqc0Rw) longitude is positive (east); the accession is in Mexico/Central America (west); the local copy Bzea_metadata.csv (zealhmm data/zeal/, = hazel brbseq/metadata/, sha a9f51fa7) has -102.347 (sign fixed, rounded, unlogged). agent/20260928_145808_id_source_catalog.md headline 6",2026-09-28,user 2026-09-28 (instruction to record the catalog verdicts)
C0077,,Zx.0520,accession.longitude,101.94888888888889,-101.94888888888889,resolved,"J2Teo metadata row 222 (https://docs.google.com/spreadsheets/d/1OV5MXxZaiS3ND-KoFraJh0ujAd48WvzFGPbU-Aqc0Rw) longitude is positive (east); the accession is in Mexico/Central America (west); the local copy Bzea_metadata.csv (zealhmm data/zeal/, = hazel brbseq/metadata/, sha a9f51fa7) has -101.949 (sign fixed, rounded, unlogged). agent/20260928_145808_id_source_catalog.md headline 6",2026-09-28,user 2026-09-28 (instruction to record the catalog verdicts)
C0078,,Zx.0540,accession.longitude,104.3,-104.3,resolved,"J2Teo metadata row 224 (https://docs.google.com/spreadsheets/d/1OV5MXxZaiS3ND-KoFraJh0ujAd48WvzFGPbU-Aqc0Rw) longitude is positive (east); the accession is in Mexico/Central America (west); the local copy Bzea_metadata.csv (zealhmm data/zeal/, = hazel brbseq/metadata/, sha a9f51fa7) has -104.300 (sign fixed, rounded, unlogged). agent/20260928_145808_id_source_catalog.md headline 6",2026-09-28,user 2026-09-28 (instruction to record the catalog verdicts)
C0079,,Zx.0550,accession.longitude,104.28,-104.28,resolved,"J2Teo metadata row 225 (https://docs.google.com/spreadsheets/d/1OV5MXxZaiS3ND-KoFraJh0ujAd48WvzFGPbU-Aqc0Rw) longitude is positive (east); the accession is in Mexico/Central America (west); the local copy Bzea_metadata.csv (zealhmm data/zeal/, = hazel brbseq/metadata/, sha a9f51fa7) has -104.280 (sign fixed, rounded, unlogged). agent/20260928_145808_id_source_catalog.md headline 6",2026-09-28,user 2026-09-28 (instruction to record the catalog verdicts)
C0080,,Zx.0560,accession.longitude,104.48611111111111,-104.48611111111111,resolved,"J2Teo metadata row 226 (https://docs.google.com/spreadsheets/d/1OV5MXxZaiS3ND-KoFraJh0ujAd48WvzFGPbU-Aqc0Rw) longitude is positive (east); the accession is in Mexico/Central America (west); the local copy Bzea_metadata.csv (zealhmm data/zeal/, = hazel brbseq/metadata/, sha a9f51fa7) has -104.486 (sign fixed, rounded, unlogged). agent/20260928_145808_id_source_catalog.md headline 6",2026-09-28,user 2026-09-28 (instruction to record the catalog verdicts)
C0081,,Zx.0570,accession.longitude,106.93194444444445,-106.93194444444445,resolved,"J2Teo metadata row 227 (https://docs.google.com/spreadsheets/d/1OV5MXxZaiS3ND-KoFraJh0ujAd48WvzFGPbU-Aqc0Rw) longitude is positive (east); the accession is in Mexico/Central America (west); the local copy Bzea_metadata.csv (zealhmm data/zeal/, = hazel brbseq/metadata/, sha a9f51fa7) has -106.932 (sign fixed, rounded, unlogged). agent/20260928_145808_id_source_catalog.md headline 6",2026-09-28,user 2026-09-28 (instruction to record the catalog verdicts)
C0082,,Zx.0580,accession.longitude,106.96194444444444,-106.96194444444444,resolved,"J2Teo metadata row 228 (https://docs.google.com/spreadsheets/d/1OV5MXxZaiS3ND-KoFraJh0ujAd48WvzFGPbU-Aqc0Rw) longitude is positive (east); the accession is in Mexico/Central America (west); the local copy Bzea_metadata.csv (zealhmm data/zeal/, = hazel brbseq/metadata/, sha a9f51fa7) has -106.962 (sign fixed, rounded, unlogged). agent/20260928_145808_id_source_catalog.md headline 6",2026-09-28,user 2026-09-28 (instruction to record the catalog verdicts)
