file	class	title	drive_url	drive_modified	export_date	obtained	sha256	used_by	status
drive/j2teo_final_db.xlsx	pedigree master; donor passport	J2Teo_Final_DB (PI-owned Google Sheet)	https://docs.google.com/spreadsheets/d/1OV5MXxZaiS3ND-KoFraJh0ujAd48WvzFGPbU-Aqc0Rw	2026-07-21	2026-09-28	Drive MCP export (xlsx, all tabs)	c131605b589250070439b51add03a79aaa54281f0d7d239cac222cb5e63885af	build_samples.py: All (pedigree + generation columns by seed_origin), BC1, metadata (accessions.csv)	pinned
drive/bzea_library_prep_sheet_code.xlsx	plating (batch 1)	BZea Library Prep Sheet Code.xlsx (Hannah; Sequencing/BZea-skim-seq/)	https://drive.google.com/file/d/1Y9DKwS0gPgEbcYTr2qaBx5eQ-cUP_VE5	2025-05-19	2026-09-28	Drive mount byte copy	379fff8e51040e117ec52c0b6849b09b4490de81a7ffb97b5bb0c452badfc198	build_samples.py: Sheet1 well -> tissue_origin (field plot), seed_origin (seed packet)	pinned
drive/bzea_sample_list.xlsx	plating (batch 1)	BZea-Sample-List.xlsx (BZea_ZeaL/BZea Phenotyping/)	https://drive.google.com/file/d/1gQ2g7wc_bEueTd75cs7_sbzu-pH806vA	2026-06-24	2026-09-28	Drive mount byte copy	1cb6d6405e4f186430c645a4ab161699d2cc0d31e21a7734dc51017a7eb44436	build_samples.py: check only (Sample_Origin = prep tissue_origin; PN18 wells plated, not sequenced)	pinned (check)
drive/rr_23_fields.xlsx	crossing / nursery (PV23)	RR-23-Fields	https://docs.google.com/spreadsheets/d/19X4UUBr-swPn2hswK7kcVAj2m-cZWlBWORRMg_FB1Kk	2024-07-09	2026-09-28	Drive MCP export (xlsx, all tabs)	9969d491a190c19a1c93d10d8d4714094076575db4f1691d878fa2bda41c3efe	build_samples.py: Sheet12 PV23 packet -> female parent plant (mother_plant)	pinned
drive/zealv2.xlsx	plating (batch 2)	ZeaLV2 (Sequencing/ZealV2/)	https://docs.google.com/spreadsheets/d/1aAjkTqVYN4uBqzG-b8sgR2BF6YtXA5WQ9vGTsNj7Fy8	2026-09-21	2026-09-28	Drive MCP export (xlsx, all tabs)	1bf2150c0f7511e1309dcb41336df5d2d19b42587b9b0dfa1f7e1bf275a38e54	build_samples.py: ZeaL-V2_manifest (plate, cell, plot, origin packet, pedigree, pool, inline barcode)	pinned
drive/24_ncs_psu_langebio_fields.xlsx	crossing / nursery (PV24) + field CLY24-C8A	24_NCS_PSU_LANGEBIO_FIELDS	https://docs.google.com/spreadsheets/d/1JPH0EFHSADSzSGyAjMigS7wbVxDora0MItnG1BD3W-0	2026-08-12	2026-09-28	Drive MCP export (xlsx, all tabs)	35c3a287108b5421c0b5de399eab56bfaa9f4a589506092cea271f0d457cb58c	build_samples.py: PV24-block1 packet -> female parent plant; CLY24-C8A plot -> packet, instructions (replicate plots)	pinned
drive/bzeabrb_library_prep_sheet_code.xlsx	plating (BRB-seq)	BZeaBRB Library Prep Sheet Code (Sequencing/BZeaBRB/Summer 2023/)	https://docs.google.com/spreadsheets/d/1JIvkBJTdJVNNWx-xXzie_20mTvA2GJeG8wNUYpDmGVM	2025-05-19	2026-09-28	Drive MCP export (xlsx, all tabs)	b92e8f648fb8705ae11d20fbb9d7af796df9fefd77858e02875b620155b7d9ef	build_samples.py: library_prep_sheet_code (Seq_ID, well, barcodes, pool, genotype, origin packet)	pinned
drive/bzeabrb_manifest.xlsx	plating (BRB-seq)	BZeaBRB-manifest (Sequencing/BZeaBRB/Summer 2023/)	https://docs.google.com/spreadsheets/d/164rFbFyhPGFKHPEGyXeH4VBe0LFn1WbKCa1gniby2T4	2026-09-25	2026-09-28	Drive MCP export (xlsx, all tabs)	d5f336b993914b6860fec32e72431175da2bdf4c3c43c9fb34e17dcc9ee006db	build_samples.py: Plate_manifest (plate, well -> CLY23-D4 plot)	pinned
drive/bzeabrb_trimmed_read_statistics.txt	provider (BRB-seq reads)	trimmed_read_statistics.txt (Sequencing/BZeaBRB/Summer 2023/)	https://drive.google.com/file/d/1z-MEmVM7KXiE-PGf6TpkfycNW9oZHV6P	2025-05-20	2026-09-28	Drive mount byte copy	d3ef22626979b4bd31dd77d08c842d64952783789aef1ec2d45ec19155ee454e	build_samples.py: which BRB-seq wells have reads (pool BZeaRP1 = plates 1-4)	pinned
drive/some_bzea_nomenclature_conversions.xlsx	correction evidence	(SOME) BZEA NOMENCLATURE CONVERSIONS	https://docs.google.com/spreadsheets/d/1CczHQfVZTVM-O3UujqoYAl_qbGN_Y417o16ByAhYJnE	2025-03-14	2026-09-28	Drive MCP export (xlsx, all tabs)	bcec1d7565912572570f595114e2e33823595732008a76e798b0c1fcd4d1f387	corrections.csv evidence (PV23-2382 -> JSG-RMM-LCL-536)	pinned (evidence)
register_bc2s3.csv	nil_id register	register_bc2s3.csv (zealhmm, untracked there; not on Drive)	not on Drive		2026-09-28	copy of ~/repos/zealhmm/agent/gdl_flowering/out/register_bc2s3.csv (2026-08-09)	f3929b702ea5196e03e19738ac65c9b4ba90acad9d807e2d077b4c93ebb8c05c	build_samples.py: check of the nil_id rule (never a value source)	pinned (check)
NIL_ID_README.md	nil_id rule	NIL_ID_README.md (zealhmm, untracked there; the only written pedigree -> nil_id rule)	not on Drive		2026-09-28	copy of ~/repos/zealhmm/agent/gdl_flowering/NIL_ID_README.md (2026-08-09)	75ad5cedd71d613d62484733d5b46e55170258a161e57f4939b580198a9a8ffb	build_samples.py implements its rule	pinned (evidence)
bc1_well_map.csv	plating (BC1)	bc1_well_map.csv (zealbc1 meta/, built by nilhmm/bin/make_demux_inputs.R @ bd86bda from the replate worklist)	https://drive.google.com/file/d/1rngILJY1wlzxBey65ciqAI3Zy8EhTZHu	2026-07-31	2026-09-24	copy of zealbc1 meta/bc1_well_map.csv	82c6e33e1a3485d68bbdac576fe941f39353f264dee1c2c89c515394b9428b5b	build_samples.py: BC1 pool, column, barcode, sample_id, line	pinned (derived)
bc1_libraries.csv	provider (Novogene)	BC1 pool -> raw directory (zealbc1 meta/)	not on Drive		2026-09-24	copy of zealbc1 meta/	96d1fd9401c15e5aa4e4829628d98de23c5e49df1011b847023bb36bc8f9013e	build_samples.py	pinned (derived)
bc2s3_batch1_sample_sheet.csv	provider (NCSU GSL)	BZea_Sample_ID.xlsx sheet 1 as CSV (hazel sara/DNA_Sequencing_raw/BZea/, sha 9f5d79d4...)	not on Drive		2026-09-24	CSV of the hazel delivery sheet	6e107109e2b8bed60457e04f0ce80c2a7f56e8b70834c656331498859da1cd25	build_samples.py: batch-1 sample_id, barcodes, plate index, delivered name	pinned
bc2s3_batch1_tar_members.tsv	provider (NCSU GSL)	tar -tvf of NVS188B_Rellan_Alvarez_R{1,2}.tar	not on Drive		2026-09-24	hazel listing	56bb73ae1f619272af142bd199a11ded7f8e733e636e213f4b58efb9f4c3be85	build_samples.py: raw_r1/raw_r2	pinned
bc2s3_batch1_skim_nil_id.tsv	derived (superseded)	skim_sample_nil_id.tsv (zealbc1 agent/; builder lost)	not on Drive		2026-09-24	copy of zealbc1 agent/skim_sample_nil_id.tsv	877646c9f923c88d45de6a26a83def2cc32626342cb417b27f19e8932ed84aab	build_samples.py: comparison only (reported, never a value source)	superseded
bc2s3_batch2_well_map.csv	derived (superseded)	bc2s3_batch2_well_map.csv (zealbc1 meta/, from ZeaLV2 + register)	https://docs.google.com/spreadsheets/d/1aAjkTqVYN4uBqzG-b8sgR2BF6YtXA5WQ9vGTsNj7Fy8	2026-09-21	2026-09-24	copy of zealbc1 meta/	7581aa774fe1fa344e62a14e06831f046fb35f75391e77eed3c4b731af0966a9	build_samples.py: comparison only (sample_id, pool, barcode must agree with ZeaLV2)	superseded
bc2s3_batch2_libraries.csv	provider (Novogene)	batch-2 row -> raw directory (zealbc1 meta/)	not on Drive		2026-09-24	copy of zealbc1 meta/	831d5470a548963e8bbd65e2760b55e2a4f44fd44c93d32ff4cd77e9b90b68f8	build_samples.py	pinned (derived)
inline_barcodes.tsv	plating	ZeaLV2 REF-inline (12 inline barcodes)	https://docs.google.com/spreadsheets/d/1aAjkTqVYN4uBqzG-b8sgR2BF6YtXA5WQ9vGTsNj7Fy8	2026-09-21	2026-09-24	copy of zealbc1 meta/	33c6dd614e1aa90cb08129976066d13b9ccda20e1abc5b2614a5a702eabdf2af	reference	pinned (derived)
dev_import_listing_20260924.txt	hazel listing	ls -l of ZEAL/results/ (dev import)	not on Drive		2026-09-24	hazel listing	becb0f5524306c22abc5460d56a655e1ddc97cadd76355b64345ee5593f6e7a8	meta/dev_import.csv	pinned
evidence/J2Teo_Final_DB_Finalized_desktop_20250513.csv	evidence (superseded)	J2Teo_Final_DB tab Finalized, laptop download (~/Desktop/Desktop/J2Teo_Final_DB.csv)	https://docs.google.com/spreadsheets/d/1OV5MXxZaiS3ND-KoFraJh0ujAd48WvzFGPbU-Aqc0Rw	2026-07-21	2025-05-13	laptop copy	28519b0481d4b2ad2e29c521861226b950396aabfd708106a001939078e68aa9	none (never read by the builder)	superseded
evidence/sample_metatada_bzeaseq.csv	evidence (superseded)	hazel BZea/bzeaseq/sample_metatada.csv (BzeaSeq recipe output) = zealtiger data/sample_metadata_master.csv	not on Drive		2026-06	copy of ~/repos/zealtiger/data/sample_metadata_master.csv (same sha as hazel)	a98bcfff56367e33bb97c0a5004f3287ec11e2ecf5fdaf8fb104512e06a67cef	none (never read by the builder)	superseded
evidence/Bzea_metadata_local_corrected.csv	evidence (correction)	Bzea_metadata.csv (zealhmm data/zeal/, = hazel brbseq/metadata/, = My Drive repos/inv4m/data/): J2Teo metadata with 75 longitudes sign-fixed, unlogged	My Drive repos/inv4m/data/Bzea_metadata.csv	2025-04-21	2026-09-28	copy of ~/repos/zealhmm/data/zeal/Bzea_metadata.csv	a9f51fa74acdd3a7223bee49b8d3820819be0cf64512883c4c0d98ddefb018a6	corrections.csv evidence (longitude sign)	superseded
	field book (CLY23)	CLY23_D4_FieldBook (REF-all = frozen copy of J2Teo All minus 8 seed_origins; GENOTYPE-CONVERSION)	https://docs.google.com/spreadsheets/d/1e9963LdfMkas-KQHrQNLIvkyWHFOFYxJstpMjiRHfcA	2026-07-20	2026-09-28	Drive MCP export (xlsx, all tabs) in agent/idcat/drive_exports/ only		none: J2Teo All supersedes REF-all	not pinned (catalogued)
	field book (CLY25)	CLY25 (REF_BC2S3, BC2S3_stragglers)	https://docs.google.com/spreadsheets/d/1HTfkmdLraoWgO5YlNyRNbuv9BnDOjlVAp2LY5uT01OU	2026-04-27	2026-09-28	Drive MCP export (xlsx, all tabs) in agent/idcat/drive_exports/ only		none (register input upstream)	not pinned (catalogued)
	field book (CLY25 phenotypes)	CLY25-Fieldbook	https://docs.google.com/spreadsheets/d/1siColpn75xpJjUMJXjiKuHgDF52BzwQ1XGblC8Ijbss	2026-07-20		too large for the Drive connector		none yet	manual export needed
	crossing / nursery (PV23)	23_NCS_PSU_LANGEBIO_FIELDS	https://docs.google.com/spreadsheets/d/1PQpdNcLsy8jogKlgK7btSX6OHlxWB1O1neoVMJLcFwI	2026-01-23		too large for the Drive connector		would give PV23 plot rows / nursery records of the batch-1 tissue plots	manual export needed
	plating (BRB-seq, fall 2023)	BZeaBRB-F manifest (2026 extraction list; no sequencing record)	https://docs.google.com/spreadsheets/d/1x0kVvlXcFNmTtqBW8fVkebwTFe1Fg96od-6eR8J8L3c	2026-07-31		not exported		none (not sequenced)	not pinned
	plating (batch 2, 2024)	BZeaV2_plates.xlsx	https://drive.google.com/file/d/1dwCRRIWxqPOAB1IkmHk2IbtjEC45pcqD	2024-07-12				none (ZeaLV2 supersedes)	not pinned (catalogued)
	MolBreeding 45K	Molbreeding samples (Molbreeding_manifest: batch-1 Seq_ID -> 45K target-seq tube)	https://docs.google.com/spreadsheets/d/151hdMCBodKJ0fAk_l70QsTEc3g5oQ0FQkwyepOLw-sU	2026-06-09	2026-09-28	Drive MCP export (xlsx, all tabs) in agent/idcat/drive_exports/ only		not yet joined (other assay on batch-1 DNA wells)	not pinned (catalogued)
