Package	Version	LibPath	Repository	RemoteUrl	RemoteSha
R.methodsS3	1.8.2	/gpfs_common/share01/maize/frodrig4/conda/env/nilhmm/lib/R/library	CRAN	NA	NA
R.oo	1.27.1	/gpfs_common/share01/maize/frodrig4/conda/env/nilhmm/lib/R/library	CRAN	NA	NA
R.utils	2.13.0	/gpfs_common/share01/maize/frodrig4/conda/env/nilhmm/lib/R/library	CRAN	NA	NA
R6	2.6.1	/gpfs_common/share01/maize/frodrig4/conda/env/nilhmm/lib/R/library	CRAN	NA	NA
RColorBrewer	1.1-3	/gpfs_common/share01/maize/frodrig4/conda/env/nilhmm/lib/R/library	CRAN	NA	NA
Rcpp	1.1.2	/gpfs_common/share01/maize/frodrig4/conda/env/nilhmm/lib/R/library	CRAN	NA	NA
RcppParallel	5.1.11-2	/gpfs_common/share01/maize/frodrig4/conda/env/nilhmm/lib/R/library	CRAN	NA	NA
S7	0.2.2	/gpfs_common/share01/maize/frodrig4/conda/env/nilhmm/lib/R/library	CRAN	NA	NA
askpass	1.2.1	/gpfs_common/share01/maize/frodrig4/conda/env/nilhmm/lib/R/library	CRAN	NA	NA
assertthat	0.2.1	/gpfs_common/share01/maize/frodrig4/conda/env/nilhmm/lib/R/library	CRAN	NA	NA
base	4.4.3	/gpfs_common/share01/maize/frodrig4/conda/env/nilhmm/lib/R/library	NA	NA	NA
base64enc	0.1-6	/gpfs_common/share01/maize/frodrig4/conda/env/nilhmm/lib/R/library	CRAN	NA	NA
brew	1.0-10	/gpfs_common/share01/maize/frodrig4/conda/env/nilhmm/lib/R/library	CRAN	NA	NA
brio	1.1.5	/gpfs_common/share01/maize/frodrig4/conda/env/nilhmm/lib/R/library	CRAN	NA	NA
bslib	0.12.0	/gpfs_common/share01/maize/frodrig4/conda/env/nilhmm/lib/R/library	CRAN	NA	NA
cachem	1.1.0	/gpfs_common/share01/maize/frodrig4/conda/env/nilhmm/lib/R/library	CRAN	NA	NA
callr	3.7.6	/gpfs_common/share01/maize/frodrig4/conda/env/nilhmm/lib/R/library	CRAN	NA	NA
cli	3.6.6	/gpfs_common/share01/maize/frodrig4/conda/env/nilhmm/lib/R/library	CRAN	NA	NA
cliapp	0.1.2	/gpfs_common/share01/maize/frodrig4/conda/env/nilhmm/lib/R/library	CRAN	NA	NA
clipr	0.8.1	/gpfs_common/share01/maize/frodrig4/conda/env/nilhmm/lib/R/library	CRAN	NA	NA
colorspace	2.1-3	/gpfs_common/share01/maize/frodrig4/conda/env/nilhmm/lib/R/library	CRAN	NA	NA
commonmark	2.0.0	/gpfs_common/share01/maize/frodrig4/conda/env/nilhmm/lib/R/library	CRAN	NA	NA
compiler	4.4.3	/gpfs_common/share01/maize/frodrig4/conda/env/nilhmm/lib/R/library	NA	NA	NA
cpp11	0.5.5	/gpfs_common/share01/maize/frodrig4/conda/env/nilhmm/lib/R/library	CRAN	NA	NA
crayon	1.5.3	/gpfs_common/share01/maize/frodrig4/conda/env/nilhmm/lib/R/library	CRAN	NA	NA
credentials	2.0.3	/gpfs_common/share01/maize/frodrig4/conda/env/nilhmm/lib/R/library	CRAN	NA	NA
curl	8.0.0	/gpfs_common/share01/maize/frodrig4/conda/env/nilhmm/lib/R/library	CRAN	NA	NA
data.table	1.18.6.1	/gpfs_common/share01/maize/frodrig4/conda/env/nilhmm/lib/R/library	CRAN	NA	NA
datasets	4.4.3	/gpfs_common/share01/maize/frodrig4/conda/env/nilhmm/lib/R/library	NA	NA	NA
desc	1.4.3	/gpfs_common/share01/maize/frodrig4/conda/env/nilhmm/lib/R/library	CRAN	NA	NA
devtools	2.5.2	/gpfs_common/share01/maize/frodrig4/conda/env/nilhmm/lib/R/library	CRAN	NA	NA
diffobj	0.3.8	/gpfs_common/share01/maize/frodrig4/conda/env/nilhmm/lib/R/library	CRAN	NA	NA
digest	0.6.39	/gpfs_common/share01/maize/frodrig4/conda/env/nilhmm/lib/R/library	CRAN	NA	NA
downlit	0.4.5	/gpfs_common/share01/maize/frodrig4/conda/env/nilhmm/lib/R/library	CRAN	NA	NA
ellipsis	0.3.3	/gpfs_common/share01/maize/frodrig4/conda/env/nilhmm/lib/R/library	CRAN	NA	NA
evaluate	1.0.5	/gpfs_common/share01/maize/frodrig4/conda/env/nilhmm/lib/R/library	CRAN	NA	NA
fansi	1.0.7	/gpfs_common/share01/maize/frodrig4/conda/env/nilhmm/lib/R/library	CRAN	NA	NA
farver	2.1.2	/gpfs_common/share01/maize/frodrig4/conda/env/nilhmm/lib/R/library	CRAN	NA	NA
fastmap	1.2.0	/gpfs_common/share01/maize/frodrig4/conda/env/nilhmm/lib/R/library	CRAN	NA	NA
filelock	1.0.3	/gpfs_common/share01/maize/frodrig4/conda/env/nilhmm/lib/R/library	CRAN	NA	NA
fontawesome	0.5.3	/gpfs_common/share01/maize/frodrig4/conda/env/nilhmm/lib/R/library	CRAN	NA	NA
fs	2.1.0	/gpfs_common/share01/maize/frodrig4/conda/env/nilhmm/lib/R/library	CRAN	NA	NA
gert	2.4.1	/gpfs_common/share01/maize/frodrig4/conda/env/nilhmm/lib/R/library	CRAN	NA	NA
getopt	1.21.1	/gpfs_common/share01/maize/frodrig4/conda/env/nilhmm/lib/R/library	CRAN	NA	NA
ggplot2	4.0.3	/gpfs_common/share01/maize/frodrig4/conda/env/nilhmm/lib/R/library	CRAN	NA	NA
gh	1.6.1	/gpfs_common/share01/maize/frodrig4/conda/env/nilhmm/lib/R/library	CRAN	NA	NA
gitcreds	0.1.2	/gpfs_common/share01/maize/frodrig4/conda/env/nilhmm/lib/R/library	CRAN	NA	NA
glue	1.8.1	/gpfs_common/share01/maize/frodrig4/conda/env/nilhmm/lib/R/library	CRAN	NA	NA
grDevices	4.4.3	/gpfs_common/share01/maize/frodrig4/conda/env/nilhmm/lib/R/library	NA	NA	NA
graphics	4.4.3	/gpfs_common/share01/maize/frodrig4/conda/env/nilhmm/lib/R/library	NA	NA	NA
grid	4.4.3	/gpfs_common/share01/maize/frodrig4/conda/env/nilhmm/lib/R/library	NA	NA	NA
gtable	0.3.6	/gpfs_common/share01/maize/frodrig4/conda/env/nilhmm/lib/R/library	CRAN	NA	NA
highr	0.12	/gpfs_common/share01/maize/frodrig4/conda/env/nilhmm/lib/R/library	CRAN	NA	NA
hms	1.1.4	/gpfs_common/share01/maize/frodrig4/conda/env/nilhmm/lib/R/library	CRAN	NA	NA
htmltools	0.5.9	/gpfs_common/share01/maize/frodrig4/conda/env/nilhmm/lib/R/library	CRAN	NA	NA
htmlwidgets	1.6.4	/gpfs_common/share01/maize/frodrig4/conda/env/nilhmm/lib/R/library	CRAN	NA	NA
httpuv	1.6.17	/gpfs_common/share01/maize/frodrig4/conda/env/nilhmm/lib/R/library	CRAN	NA	NA
httr2	1.3.0	/gpfs_common/share01/maize/frodrig4/conda/env/nilhmm/lib/R/library	CRAN	NA	NA
ini	0.3.1	/gpfs_common/share01/maize/frodrig4/conda/env/nilhmm/lib/R/library	CRAN	NA	NA
isoband	0.3.0	/gpfs_common/share01/maize/frodrig4/conda/env/nilhmm/lib/R/library	CRAN	NA	NA
jquerylib	0.1.4	/gpfs_common/share01/maize/frodrig4/conda/env/nilhmm/lib/R/library	CRAN	NA	NA
jsonlite	2.0.0	/gpfs_common/share01/maize/frodrig4/conda/env/nilhmm/lib/R/library	CRAN	NA	NA
knitr	1.52	/gpfs_common/share01/maize/frodrig4/conda/env/nilhmm/lib/R/library	CRAN	NA	NA
labeling	0.4.3	/gpfs_common/share01/maize/frodrig4/conda/env/nilhmm/lib/R/library	CRAN	NA	NA
later	1.4.8	/gpfs_common/share01/maize/frodrig4/conda/env/nilhmm/lib/R/library	CRAN	NA	NA
lifecycle	1.0.5	/gpfs_common/share01/maize/frodrig4/conda/env/nilhmm/lib/R/library	CRAN	NA	NA
logger	0.4.3	/gpfs_common/share01/maize/frodrig4/conda/env/nilhmm/lib/R/library	CRAN	NA	NA
lpSolve	5.6.23	/gpfs_common/share01/maize/frodrig4/conda/env/nilhmm/lib/R/library	CRAN	NA	NA
magrittr	2.0.5	/gpfs_common/share01/maize/frodrig4/conda/env/nilhmm/lib/R/library	CRAN	NA	NA
memoise	2.0.1	/gpfs_common/share01/maize/frodrig4/conda/env/nilhmm/lib/R/library	CRAN	NA	NA
methods	4.4.3	/gpfs_common/share01/maize/frodrig4/conda/env/nilhmm/lib/R/library	NA	NA	NA
mime	0.13	/gpfs_common/share01/maize/frodrig4/conda/env/nilhmm/lib/R/library	CRAN	NA	NA
miniUI	0.1.2	/gpfs_common/share01/maize/frodrig4/conda/env/nilhmm/lib/R/library	CRAN	NA	NA
munsell	0.5.1	/gpfs_common/share01/maize/frodrig4/conda/env/nilhmm/lib/R/library	CRAN	NA	NA
nilHMM	0.3.0	/gpfs_common/share01/maize/frodrig4/conda/env/nilhmm/lib/R/library	NA	NA	248e67ead3693ae5af79d3cadd769e2d10b895f9
openssl	2.4.2	/gpfs_common/share01/maize/frodrig4/conda/env/nilhmm/lib/R/library	CRAN	NA	NA
optparse	1.8.2	/gpfs_common/share01/maize/frodrig4/conda/env/nilhmm/lib/R/library	CRAN	NA	NA
otel	0.2.0	/gpfs_common/share01/maize/frodrig4/conda/env/nilhmm/lib/R/library	CRAN	NA	NA
pak	0.11.1	/gpfs_common/share01/maize/frodrig4/conda/env/nilhmm/lib/R/library	CRAN	NA	NA
parallel	4.4.3	/gpfs_common/share01/maize/frodrig4/conda/env/nilhmm/lib/R/library	NA	NA	NA
pillar	1.11.1	/gpfs_common/share01/maize/frodrig4/conda/env/nilhmm/lib/R/library	CRAN	NA	NA
pkgbuild	1.4.8	/gpfs_common/share01/maize/frodrig4/conda/env/nilhmm/lib/R/library	CRAN	NA	NA
pkgcache	2.2.4	/gpfs_common/share01/maize/frodrig4/conda/env/nilhmm/lib/R/library	CRAN	NA	NA
pkgconfig	2.0.3	/gpfs_common/share01/maize/frodrig4/conda/env/nilhmm/lib/R/library	CRAN	NA	NA
pkgdown	2.2.1	/gpfs_common/share01/maize/frodrig4/conda/env/nilhmm/lib/R/library	CRAN	NA	NA
pkgload	1.5.3	/gpfs_common/share01/maize/frodrig4/conda/env/nilhmm/lib/R/library	CRAN	NA	NA
praise	1.0.0	/gpfs_common/share01/maize/frodrig4/conda/env/nilhmm/lib/R/library	CRAN	NA	NA
prettycode	1.1.0	/gpfs_common/share01/maize/frodrig4/conda/env/nilhmm/lib/R/library	CRAN	NA	NA
prettyunits	1.2.0	/gpfs_common/share01/maize/frodrig4/conda/env/nilhmm/lib/R/library	CRAN	NA	NA
processx	3.9.0	/gpfs_common/share01/maize/frodrig4/conda/env/nilhmm/lib/R/library	CRAN	NA	NA
profvis	0.4.0	/gpfs_common/share01/maize/frodrig4/conda/env/nilhmm/lib/R/library	CRAN	NA	NA
progress	1.2.3	/gpfs_common/share01/maize/frodrig4/conda/env/nilhmm/lib/R/library	CRAN	NA	NA
promises	1.5.0	/gpfs_common/share01/maize/frodrig4/conda/env/nilhmm/lib/R/library	CRAN	NA	NA
ps	1.9.3	/gpfs_common/share01/maize/frodrig4/conda/env/nilhmm/lib/R/library	CRAN	NA	NA
purrr	1.2.2	/gpfs_common/share01/maize/frodrig4/conda/env/nilhmm/lib/R/library	CRAN	NA	NA
ragg	1.5.2	/gpfs_common/share01/maize/frodrig4/conda/env/nilhmm/lib/R/library	CRAN	NA	NA
rappdirs	0.3.4	/gpfs_common/share01/maize/frodrig4/conda/env/nilhmm/lib/R/library	CRAN	NA	NA
rcmdcheck	1.4.0	/gpfs_common/share01/maize/frodrig4/conda/env/nilhmm/lib/R/library	CRAN	NA	NA
rdtools	0.1.0	/gpfs_common/share01/maize/frodrig4/conda/env/nilhmm/lib/R/library	CRAN	NA	NA
rematch2	2.1.2	/gpfs_common/share01/maize/frodrig4/conda/env/nilhmm/lib/R/library	CRAN	NA	NA
remotes	2.5.0	/gpfs_common/share01/maize/frodrig4/conda/env/nilhmm/lib/R/library	CRAN	NA	NA
rlang	1.3.0	/gpfs_common/share01/maize/frodrig4/conda/env/nilhmm/lib/R/library	CRAN	NA	NA
rmarkdown	2.32	/gpfs_common/share01/maize/frodrig4/conda/env/nilhmm/lib/R/library	CRAN	NA	NA
roxygen2	8.1.0	/gpfs_common/share01/maize/frodrig4/conda/env/nilhmm/lib/R/library	CRAN	NA	NA
rprojroot	2.1.1	/gpfs_common/share01/maize/frodrig4/conda/env/nilhmm/lib/R/library	CRAN	NA	NA
rstudioapi	0.19.0	/gpfs_common/share01/maize/frodrig4/conda/env/nilhmm/lib/R/library	CRAN	NA	NA
rversions	3.0.0	/gpfs_common/share01/maize/frodrig4/conda/env/nilhmm/lib/R/library	CRAN	NA	NA
sass	0.4.10	/gpfs_common/share01/maize/frodrig4/conda/env/nilhmm/lib/R/library	CRAN	NA	NA
scales	1.4.0	/gpfs_common/share01/maize/frodrig4/conda/env/nilhmm/lib/R/library	CRAN	NA	NA
selectr	0.6-0	/gpfs_common/share01/maize/frodrig4/conda/env/nilhmm/lib/R/library	CRAN	NA	NA
sessioninfo	1.2.4	/gpfs_common/share01/maize/frodrig4/conda/env/nilhmm/lib/R/library	CRAN	NA	NA
shiny	1.14.0	/gpfs_common/share01/maize/frodrig4/conda/env/nilhmm/lib/R/library	CRAN	NA	NA
simcross	0.10	/gpfs_common/share01/maize/frodrig4/conda/env/nilhmm/lib/R/library	NA	NA	0e52522b5252cf3c0bf65e8f11a3dc2529cdec0a
sourcetools	0.1.7-2	/gpfs_common/share01/maize/frodrig4/conda/env/nilhmm/lib/R/library	CRAN	NA	NA
splines	4.4.3	/gpfs_common/share01/maize/frodrig4/conda/env/nilhmm/lib/R/library	NA	NA	NA
stats	4.4.3	/gpfs_common/share01/maize/frodrig4/conda/env/nilhmm/lib/R/library	NA	NA	NA
stats4	4.4.3	/gpfs_common/share01/maize/frodrig4/conda/env/nilhmm/lib/R/library	NA	NA	NA
stringi	1.8.9	/gpfs_common/share01/maize/frodrig4/conda/env/nilhmm/lib/R/library	CRAN	NA	NA
stringr	1.6.0	/gpfs_common/share01/maize/frodrig4/conda/env/nilhmm/lib/R/library	CRAN	NA	NA
sys	3.4.3	/gpfs_common/share01/maize/frodrig4/conda/env/nilhmm/lib/R/library	CRAN	NA	NA
systemfonts	1.3.2	/gpfs_common/share01/maize/frodrig4/conda/env/nilhmm/lib/R/library	CRAN	NA	NA
tcltk	4.4.3	/gpfs_common/share01/maize/frodrig4/conda/env/nilhmm/lib/R/library	NA	NA	NA
testthat	3.3.2	/gpfs_common/share01/maize/frodrig4/conda/env/nilhmm/lib/R/library	CRAN	NA	NA
textshaping	1.0.5	/gpfs_common/share01/maize/frodrig4/conda/env/nilhmm/lib/R/library	CRAN	NA	NA
tibble	3.3.1	/gpfs_common/share01/maize/frodrig4/conda/env/nilhmm/lib/R/library	CRAN	NA	NA
tinytex	0.60	/gpfs_common/share01/maize/frodrig4/conda/env/nilhmm/lib/R/library	CRAN	NA	NA
tools	4.4.3	/gpfs_common/share01/maize/frodrig4/conda/env/nilhmm/lib/R/library	NA	NA	NA
urlchecker	2.0.0	/gpfs_common/share01/maize/frodrig4/conda/env/nilhmm/lib/R/library	CRAN	NA	NA
usethis	3.2.1	/gpfs_common/share01/maize/frodrig4/conda/env/nilhmm/lib/R/library	CRAN	NA	NA
utf8	1.2.6	/gpfs_common/share01/maize/frodrig4/conda/env/nilhmm/lib/R/library	CRAN	NA	NA
utils	4.4.3	/gpfs_common/share01/maize/frodrig4/conda/env/nilhmm/lib/R/library	NA	NA	NA
vctrs	0.7.3	/gpfs_common/share01/maize/frodrig4/conda/env/nilhmm/lib/R/library	CRAN	NA	NA
viridisLite	0.4.3	/gpfs_common/share01/maize/frodrig4/conda/env/nilhmm/lib/R/library	CRAN	NA	NA
waldo	0.6.2	/gpfs_common/share01/maize/frodrig4/conda/env/nilhmm/lib/R/library	CRAN	NA	NA
whisker	0.4.1	/gpfs_common/share01/maize/frodrig4/conda/env/nilhmm/lib/R/library	CRAN	NA	NA
withr	3.0.3	/gpfs_common/share01/maize/frodrig4/conda/env/nilhmm/lib/R/library	CRAN	NA	NA
xfun	0.60	/gpfs_common/share01/maize/frodrig4/conda/env/nilhmm/lib/R/library	CRAN	NA	NA
xml2	1.6.0	/gpfs_common/share01/maize/frodrig4/conda/env/nilhmm/lib/R/library	CRAN	NA	NA
xopen	1.0.1	/gpfs_common/share01/maize/frodrig4/conda/env/nilhmm/lib/R/library	CRAN	NA	NA
xtable	1.8-8	/gpfs_common/share01/maize/frodrig4/conda/env/nilhmm/lib/R/library	CRAN	NA	NA
yaml	2.3.12	/gpfs_common/share01/maize/frodrig4/conda/env/nilhmm/lib/R/library	CRAN	NA	NA
zip	3.0.2	/gpfs_common/share01/maize/frodrig4/conda/env/nilhmm/lib/R/library	CRAN	NA	NA
