library	source	samples	files	r1_bytes	r2_bytes	total_bytes
1A	bc1	12	6	125230279528	126368304449	251598583977
1B	bc1	12	6	121671356649	123531034224	245202390873
1C	bc1	12	6	146326386959	148799462774	295125849733
1D	bc1	12	6	137666787683	142163990661	279830778344
1E	bc1	12	6	120434619860	123456023913	243890643773
1F	bc1	12	6	109445288272	111152061293	220597349565
1G	bc1	12	6	79702775470	79805063942	159507839412
1H	bc1	12	6	84182088426	84221218264	168403306690
2A	bc1	12	6	66015728975	66520002820	132535731795
2B	bc1	12	6	71400147006	71129903490	142530050496
2C	bc1	12	6	58004908436	58311295309	116316203745
2D	bc1	12	6	58545928996	58398036762	116943965758
2E	bc1	12	6	57461124152	57337221289	114798345441
2F	bc1	12	6	60576947710	60605162507	121182110217
2G	bc1	12	6	68904854323	69721820096	138626674419
2H	bc1	12	6	75026973274	74577506415	149604479689
3A	bc1	12	6	65298411519	65574887762	130873299281
3B	bc1	12	8	53155915285	53042804545	106198719830
3C	bc1	12	8	55026416241	55127619934	110154036175
3D	bc1	12	8	49661332922	50178021359	99839354281
3E	bc1	12	8	54040102065	54302188474	108342290539
3F	bc1	12	8	47919518948	48007103127	95926622075
3G	bc1	12	8	52975909393	53125179339	106101088732
3H	bc1	12	8	40167184078	40206805262	80373989340
4A	bc1	12	8	41983325133	41949865270	83933190403
4B	bc1	12	8	64764821907	64921843284	129686665191
4C	bc1	12	8	51678883495	52279498774	103958382269
4D	bc1	12	8	83041795179	83561930206	166603725385
4E	bc1	12	8	181533720089	180935015728	362468735817
4F	bc1	12	8	61473402607	61495969395	122969372002
4G	bc1	12	8	61445742970	62110282970	123556025940
4H	bc1	12	8	72572731069	71955050774	144527781843
BZea10	bc2s3_batch1	96	4	65227156500	65243968912	130471125412
BZea11	bc2s3_batch1	96	4	32505556734	33513712261	66019268995
BZea12	bc2s3_batch1	96	4	67863270742	68821099454	136684370196
BZea13	bc2s3_batch1	96	4	22326883875	22859030223	45185914098
BZea14	bc2s3_batch1	96	4	47467247987	48168287217	95635535204
BZea15	bc2s3_batch1	96	4	20633280454	20799802469	41433082923
BZea16	bc2s3_batch1	96	4	51620320424	52408320071	104028640495
BZea17	bc2s3_batch1	96	4	53291600527	53200324241	106491924768
BZea2	bc2s3_batch1	75	4	76983668807	76540611879	153524280686
BZea3	bc2s3_batch1	96	4	41942515168	44303485920	86246001088
BZea4	bc2s3_batch1	96	4	48819967671	50355612930	99175580601
BZea5	bc2s3_batch1	96	4	36425708384	37450436782	73876145166
BZea6	bc2s3_batch1	96	4	31672338555	32097247120	63769585675
BZea7	bc2s3_batch1	96	4	47689053078	48732535915	96421588993
BZea8	bc2s3_batch1	96	4	44860931838	45844347460	90705279298
BZea9	bc2s3_batch1	96	4	33615380833	33952609938	67567990771
V21A	bc2s3_batch2	12	2	6496141101	6497052029	12993193130
V21B	bc2s3_batch2	12	2	6334883662	6357196316	12692079978
V21C	bc2s3_batch2	12	2	5340622611	5351868160	10692490771
V21D	bc2s3_batch2	12	2	9735790634	9614676469	19350467103
V21E	bc2s3_batch2	12	2	8896865160	8906435785	17803300945
V21F	bc2s3_batch2	12	2	10622456243	10605300372	21227756615
V21G	bc2s3_batch2	12	2	7728551168	7722740187	15451291355
V21H	bc2s3_batch2	12	2	9021929664	9001806731	18023736395
V22A	bc2s3_batch2	12	2	5829461652	5822359874	11651821526
V22B	bc2s3_batch2	12	2	5497479693	5527864680	11025344373
V22C	bc2s3_batch2	12	2	4648087246	4611773029	9259860275
V22D	bc2s3_batch2	12	2	6681403148	6689402014	13370805162
V22E	bc2s3_batch2	12	2	11259045008	11133827478	22392872486
V22F	bc2s3_batch2	12	2	9701167204	9587738909	19288906113
V22G	bc2s3_batch2	12	2	8494983463	8436146503	16931129966
V22H	bc2s3_batch2	12	2	8196953125	8089397414	16286350539
V23A	bc2s3_batch2	12	2	8240656479	8202685381	16443341860
V23B	bc2s3_batch2	12	2	8023411587	7888880233	15912291820
V23C	bc2s3_batch2	12	2	7611713954	7541095946	15152809900
V23D	bc2s3_batch2	12	2	9982866590	10031616661	20014483251
V23E	bc2s3_batch2	12	2	8355601021	8329668773	16685269794
V23F	bc2s3_batch2	12	2	6250171136	6197540836	12447711972
V23G	bc2s3_batch2	12	2	6211481378	6186834745	12398316123
V23H	bc2s3_batch2	12	2	6294508285	6232148059	12526656344
V24A	bc2s3_batch2	12	2	9919695177	9878757471	19798452648
V24B	bc2s3_batch2	12	2	5988661148	5908881028	11897542176
V24C	bc2s3_batch2	12	2	6560170607	6498849821	13059020428
V24D	bc2s3_batch2	12	2	9594335988	9589306506	19183642494
V24E	bc2s3_batch2	12	2	9103809303	9096655913	18200465216
V24F	bc2s3_batch2	12	2	8302536051	8264616401	16567152452
V24G	bc2s3_batch2	12	2	9041438989	9080920043	18122359032
V24H	bc2s3_batch2	12	2	9765122294	9714808643	19479930937
