library,reason
1B,PLAN_pipeline.md §0 Task 1: BC1 library demultiplexed by nilhmm (FASTQs since removed; counts as registered)
4E,PLAN_pipeline.md §0 Task 1: BC1 library demultiplexed by nilhmm (FASTQs since removed; counts as registered)
4F,PLAN_pipeline.md §0 Task 1: BC1 library demultiplexed by nilhmm (FASTQs since removed; counts as registered)
4G,PLAN_pipeline.md §0 Task 1: BC1 library demultiplexed by nilhmm (FASTQs since removed; counts as registered)
1A,PLAN_pipeline.md §0 Task 1: BC1 library demultiplexed by nilhmm (FASTQs since removed; counts as registered)
2A,PLAN_pipeline.md §0 Task 1: BC1 library demultiplexed by nilhmm (FASTQs since removed; counts as registered)
2B,PLAN_pipeline.md §0 Task 1: BC1 library demultiplexed by nilhmm (FASTQs since removed; counts as registered)
2F,PLAN_pipeline.md §0 Task 1: BC1 library demultiplexed by nilhmm (FASTQs since removed; counts as registered)
2H,PLAN_pipeline.md §0 Task 1: BC1 library demultiplexed by nilhmm (FASTQs since removed; counts as registered)
3B,PLAN_pipeline.md §0 Task 1: BC1 library demultiplexed by nilhmm (FASTQs since removed; counts as registered)
3C,PLAN_pipeline.md §0 Task 1: BC1 library demultiplexed by nilhmm (FASTQs since removed; counts as registered)
3D,PLAN_pipeline.md §0 Task 1: BC1 library demultiplexed by nilhmm (FASTQs since removed; counts as registered)
3E,PLAN_pipeline.md §0 Task 1: BC1 library demultiplexed by nilhmm (FASTQs since removed; counts as registered)
V22A,PLAN_pipeline.md §0 Task 1: BC2S3 batch-2 row demultiplexed by zealbc1 (FASTQs since removed; counts as registered)
V22B,PLAN_pipeline.md §0 Task 1: BC2S3 batch-2 row demultiplexed by zealbc1 (FASTQs since removed; counts as registered)
V22C,PLAN_pipeline.md §0 Task 1: BC2S3 batch-2 row demultiplexed by zealbc1 (FASTQs since removed; counts as registered)
V22D,PLAN_pipeline.md §0 Task 1: BC2S3 batch-2 row demultiplexed by zealbc1 (FASTQs since removed; counts as registered)
V22E,PLAN_pipeline.md §0 Task 1: BC2S3 batch-2 row demultiplexed by zealbc1 (FASTQs since removed; counts as registered)
V22F,PLAN_pipeline.md §0 Task 1: BC2S3 batch-2 row demultiplexed by zealbc1 (FASTQs since removed; counts as registered)
V22G,PLAN_pipeline.md §0 Task 1: BC2S3 batch-2 row demultiplexed by zealbc1 (FASTQs since removed; counts as registered)
V22H,PLAN_pipeline.md §0 Task 1: BC2S3 batch-2 row demultiplexed by zealbc1 (FASTQs since removed; counts as registered)
V23A,PLAN_pipeline.md §0 Task 1: BC2S3 batch-2 row demultiplexed by zealbc1 (FASTQs since removed; counts as registered)
V23B,PLAN_pipeline.md §0 Task 1: BC2S3 batch-2 row demultiplexed by zealbc1 (FASTQs since removed; counts as registered)
V23C,PLAN_pipeline.md §0 Task 1: BC2S3 batch-2 row demultiplexed by zealbc1 (FASTQs since removed; counts as registered)
V23D,PLAN_pipeline.md §0 Task 1: BC2S3 batch-2 row demultiplexed by zealbc1 (FASTQs since removed; counts as registered)
V23E,PLAN_pipeline.md §0 Task 1: BC2S3 batch-2 row demultiplexed by zealbc1 (FASTQs since removed; counts as registered)
V23F,PLAN_pipeline.md §0 Task 1: BC2S3 batch-2 row demultiplexed by zealbc1 (FASTQs since removed; counts as registered)
V23G,PLAN_pipeline.md §0 Task 1: BC2S3 batch-2 row demultiplexed by zealbc1 (FASTQs since removed; counts as registered)
V23H,PLAN_pipeline.md §0 Task 1: BC2S3 batch-2 row demultiplexed by zealbc1 (FASTQs since removed; counts as registered)
V24A,PLAN_pipeline.md §0 Task 1: BC2S3 batch-2 row demultiplexed by zealbc1 (FASTQs since removed; counts as registered)
V24B,PLAN_pipeline.md §0 Task 1: BC2S3 batch-2 row demultiplexed by zealbc1 (FASTQs since removed; counts as registered)
